metric_avg,metric_std
12.0,12.0
0.5539597397749164,0.44041869753774043
0.12214821628816674,0.18745891355293662
0.29688307107917933,0.29017610805517413
0.4659102211465286,0.3824935782230976
0.6067847319559467,0.38886499261103885
0.6383739499755109,0.40675465316911424
0.7040898160615723,1.0166201059264486
