mse,mae,ce_avg,ce_std,ECE_eq_width,ECE_eq_width_max,ECE_eq_freq,ECE_eq_freq_max
16.0,16.0,16.0,16.0,16.0,16.0,16.0,16.0
0.24339679237586043,0.39410729278774254,-0.006159468674748158,0.41006493835346125,0.2723034820903766,0.05659827247742661,0.2672453751910151,0.05109912428897093
0.09891212757846983,0.1073502024920692,0.2748609111326408,0.0683431476422979,0.11856151707848361,0.030044108333812873,0.12448455719626417,0.027945918285769297
0.14174741959174753,0.267658794473249,-0.4157897718485759,0.33989975369969294,0.09320615877580143,0.013948954404332133,0.046076382184487355,0.010041194021660649
0.16226441701102814,0.29840849020542004,-0.2353620315358499,0.35832789608104915,0.18938192836745454,0.032998015743831016,0.18938192836745465,0.03065246901151507
0.19096958692399127,0.36922744407603475,0.05673322339223624,0.37965137289550566,0.23136904918890894,0.04325652331130282,0.21765546045588502,0.041890765059907346
0.3488052444576786,0.5007387844982889,0.19479336098089353,0.4583604936142616,0.38958202658152463,0.09347767076173284,0.3914678779533657,0.07153588981305761
0.39278615122850297,0.564119342369406,0.4192679417579123,0.5857260407686548,0.45384024840344406,0.09765095527649117,0.44947832013113864,0.09308348328158843
