mse,mae,ce_avg,ce_std,ECE_eq_width,ECE_eq_width_max,ECE_eq_freq,ECE_eq_freq_max
4.0,4.0,4.0,4.0,4.0,4.0,4.0,4.0
0.19268167580853837,0.36750397482459524,-0.1805028692287952,0.38557973621604175,0.2134263390404679,0.037327873288344283,0.19138576690398537,0.03597345758470698
0.017721266141746645,0.026491342376116344,0.12069361758017173,0.02590868669865931,0.08609865845132682,0.01641981302613679,0.10182758467949878,0.017721629138594822
0.1751169631149601,0.3348082122927907,-0.28415576451968416,0.36459027381629994,0.09320615877580143,0.013948954404332133,0.046076382184487355,0.010041194021660649
0.17975011470380628,0.35360850445775327,-0.2353620315358499,0.36496516723699585,0.19393271534575315,0.03402762531181852,0.17354120136037948,0.03342153304421894
0.19096958692399127,0.36922744407603475,-0.21589849207699557,0.37965137289550566,0.23136904918890894,0.0414953605543074,0.21765546045588502,0.041890765059907346
0.20390114802872336,0.38312291444287666,-0.16103932976994087,0.40026594187455156,0.2508626728836237,0.04479560853083317,0.23550002599949088,0.044442689600395394
0.2136705662712108,0.39675279885352055,-0.006058728241505412,0.41842592525685557,0.29776109900825226,0.0523718176404302,0.2841557645196841,0.05007110619735258
