metric_avg,metric_std
15.0,15.0
0.5736461756093899,0.37637925971226793
0.16614408725406515,0.21260511260830425
0.28830004421299643,0.10940951852119421
0.4526044073588169,0.3162925105197696
0.6326335818213075,0.3833363363598585
0.6390315054164598,0.3997799349118999
0.8452607215413059,1.0166201059264486
