mse,mae,ce_avg,ce_std,ECE_eq_width,ECE_eq_width_max,ECE_eq_freq,ECE_eq_freq_max
4.0,4.0,4.0,4.0,4.0,4.0,4.0,4.0
0.10775979044469888,0.2673304342714277,-0.001298011453911122,0.32771069700896127,0.052412249813841,0.01338954463844668,0.04473561244928785,0.01137183779744238
0.013860633924872232,0.03278844600113758,0.0029969996575565793,0.021819507224947254,0.008856535737532081,0.002739679875991701,0.00975973228733352,0.001963236053427057
0.0872319222254135,0.21835860973668625,-0.004066317314690771,0.2953455531575177,0.04155102878452406,0.011582374786608812,0.03596211147890452,0.009332671894441353
0.10654101966992677,0.2653466135717616,-0.0037740848641938446,0.3259121219457582,0.04727209018395961,0.011692808710475067,0.03644985283563393,0.010399794015371864
0.11304873445630097,0.2815311262286738,-0.0014182085515304296,0.3362048441558937,0.053346524804110534,0.012281478616028142,0.044820842838923826,0.011066204393468832
0.11426750523107307,0.2835149469283399,0.0010578648587522932,0.33800341921909677,0.05848668443399192,0.013978214543999754,0.05310660245257774,0.012038248175539348
0.1177097706407801,0.28790087489167704,0.0017106886021071418,0.3430875465665399,0.061404920862618874,0.017412846535121627,0.05333865264039923,0.014022270508390501
