x,y,pearsonr,pearsonr_pvalue,spearmanr,spearmanr_pvalue,kendall_tau,kendall_tau_pvalue,metric_type
f1_score,score_proba,0.43876996540709734,1.8364671155606857e-14,0.4808811651615013,1.9520350821036523e-17,0.35177978313241165,7.276178206258881e-16,correlation
f1_score,score_proba_arithm,0.4734083391333831,7.054645999131271e-17,0.4932365988584206,2.1751168988743943e-18,0.36644096895155925,4.391142819488848e-17,correlation
f1_score,score_proba_geom,0.47441719823119777,5.942076851555118e-17,0.490982172779581,3.2678157169780484e-18,0.36401714387661954,7.038823764597244e-17,correlation
f1_score,score_proba_std,0.6337375228810735,1.628121541974395e-32,0.6683191591919632,3.291607873786928e-37,0.5086781184711933,1.9641927385175535e-31,correlation
